algo,n,time_ms_mean,time_ms_sd,gap_mean
BFS,100,0.10320000001229346,0.019746393572322166,1.0
BFS,400,0.4304799949750304,0.06211906771368796,1.0
BFS,700,0.7329400046728551,0.10514342439203657,1.0
BFS,1000,1.0701999999582767,0.34820704877091024,1.0
DFS,100,0.17820000066421926,0.028801990838427563,1.0
DFS,400,0.46621999936178327,0.14293668517846855,1.0
DFS,700,1.176860003033653,0.3585865507190511,1.0
DFS,1000,1.3084199919831008,0.11545879801629695,1.0
