algo,n,time_ms_mean,time_ms_median,time_ms_sd
BFS,100,0.0868600036483258,0.06699998630210757,0.03366902900411392
BFS,400,0.44403999927453697,0.381499994546175,0.14932720568320207
BFS,700,0.7738599961157888,0.7350000087171793,0.10156523899484812
BFS,1000,10.755399992922321,1.2150999973528087,21.380465815199088
DFS,100,0.08514000801369548,0.076299998909235,0.025895427445684682
DFS,400,0.45851999893784523,0.44600002001971006,0.06340020845885323
DFS,700,1.0263799980748445,0.9109000093303621,0.21100092111200236
DFS,1000,1.657019997946918,1.5165999939199537,0.4058028602013142
