algo,n,time_ms_mean,time_ms_median,time_ms_sd
BFS,100,0.08991999784484506,0.08839997462928295,0.00787954571202745
BFS,400,0.3665599972009659,0.36970002111047506,0.018007977688272128
BFS,700,0.9190399898216128,0.8538999827578664,0.1971995385825648
BFS,1000,1.1531799915246665,1.1416000197641551,0.04585080123918402
DFS,100,0.07725999457761645,0.07890001870691776,0.005958440461365868
DFS,400,0.361980008892715,0.3657000488601625,0.00994321879142945
DFS,700,1.0517199872992933,0.846999988425523,0.29652096887607143
DFS,1000,1.3175599975511432,1.2951000244356692,0.09191683375627842
