algo,n,time_ms_mean,time_ms_median,time_ms_sd
BFS,100,0.05422999965958297,0.05355000030249357,0.004377733982549915
BFS,400,0.3832800022792071,0.33755000913515687,0.1783614225020109
BFS,700,0.6422700040275231,0.6412000075215474,0.021220324806977896
BFS,1000,1.1449100013123825,0.9940000018104911,0.2698410157131234
DFS,100,0.054140001884661615,0.055100012104958296,0.004334919568958361
DFS,400,0.3653799998573959,0.36299999919719994,0.014897563638474763
DFS,700,0.8974900032626465,0.8170000073732808,0.23575527693936302
DFS,1000,1.1862500046845526,1.1844000109704211,0.14584217271220332
