algo,n,time_ms_mean,time_ms_sd,gap_mean
BFS,100,0.10761998128145933,0.03038580680490487,1.0
BFS,400,0.5606399965472519,0.20541170217573892,1.0
BFS,700,1.0302400100044906,0.13569979391649847,1.0
BFS,1000,1.2055800179950893,0.4730049914728138,1.0
DFS,100,0.16241999110206962,0.053029376355261816,1.0
DFS,400,0.4928800044581294,0.1632738735394002,1.0
DFS,700,1.8313799984753132,0.44239892495510286,1.0
DFS,1000,2.3125600069761276,0.7485712180287498,1.0
