algo,n,time_ms_mean,time_ms_median,time_ms_sd,gap_mean
BFS,100,0.057619400322437286,0.051799986977130175,0.021071476454618793,1.0
BFS,400,0.3943130996194668,0.3099000023212284,0.6613813951305877,1.0
BFS,700,0.7421050006523728,0.6246999837458134,0.2724046522357394,1.0
BFS,1000,2.1366964991320856,1.260600023670122,7.813611841353605,1.0
DFS,100,0.058601699536666274,0.05099998088553548,0.01760727870331569,1.0
DFS,400,0.49133599956985563,0.38425001548603177,0.8034127046075649,1.0
DFS,700,1.4944478998077102,0.8726000087335706,6.81068197741069,1.0
DFS,1000,2.4314846000634134,1.6632499755360186,7.299433271100011,1.0
