algo,n,time_ms_mean,time_ms_sd,gap_mean
BFS,100,0.13929999549873173,0.011684173394623402,1.0
BFS,400,0.8649799972772598,0.275597935223288,1.0
BFS,700,1.076099998317659,0.4223774087547414,1.0
BFS,1000,1.3315199932549149,0.0909928158207697,1.0
DFS,100,0.2300199936144054,0.023094310785730432,1.0
DFS,400,0.8998000004794449,0.3456800622060169,1.0
DFS,700,1.595379994250834,0.6090184342004997,1.0
DFS,1000,1.8067799916025251,0.31452522513578,1.0
