algo,n,time_ms_mean,time_ms_sd,gap_mean
BFS,100,0.06217999616637826,0.004962069116215363,1.0
BFS,400,0.5039399955421686,0.10334596232587415,1.0
BFS,700,0.8726200088858604,0.3659032371402103,1.0
BFS,1000,2.1370999864302576,0.4993657210667846,1.0
DFS,100,0.0681200297549367,0.015982710687690912,1.0
DFS,400,0.5918999784626067,0.19225991894767105,1.0
DFS,700,1.0126200271770358,0.21421351249091247,1.0
DFS,1000,1.7315200180746615,0.3730935612551666,1.0
