algo,n,time_ms_mean,time_ms_sd,gap_mean
BFS,100,0.0788999954238534,0.010781001969376505,1.0
BFS,400,0.48531999345868826,0.09873810383421837,1.0
BFS,700,1.1396200163289905,0.3997910988086672,1.0
BFS,1000,1.5727800084277987,0.5304861882872771,1.0
DFS,100,0.08568002376705408,0.021065540942366127,1.0
DFS,400,0.5009000073187053,0.07842724522916937,1.0
DFS,700,1.6016199951991439,0.6582097122803894,1.0
DFS,1000,1.987000007648021,0.7937734291910338,1.0
