algo,n,time_ms_mean,time_ms_median,time_ms_sd
BFS,100,0.08925999864004552,0.06649999704677612,0.04864208920541622
BFS,400,0.4813199979253113,0.40019999141804874,0.19976536571370052
BFS,700,0.768800001242198,0.6914999976288527,0.15237916802687176
BFS,1000,1.1688800033880398,1.1628000065684319,0.18618430706555755
DFS,100,0.09202000219374895,0.07899999036453664,0.03993497160564794
DFS,400,0.5678800021996722,0.5308000108925626,0.08094870339741318
DFS,700,1.2060599983669817,1.177300000563264,0.2541310726650452
DFS,1000,1.883120002457872,1.8026000034296885,0.3246965964044405
