algo,n,time_ms_mean,time_ms_sd,gap_mean
BFS,100,0.14633999671787024,0.0440734929821547,1.0
BFS,400,0.8404800028074533,0.5881799476728956,1.0
BFS,700,0.7362999953329563,0.10177952399915631,1.0
BFS,1000,3.684139996767044,5.61995279553388,1.0
DFS,100,0.6726599996909499,1.1293258785718447,1.0
DFS,400,3.3715000026859343,6.264677240299203,1.0
DFS,700,1.193420001072809,0.36300518749780714,1.0
DFS,1000,2.351600007386878,0.5123187329272436,1.0
