algo,n,time_ms_mean,time_ms_median,time_ms_sd
BFS,100,0.07245999877341092,0.07219999679364264,0.013572321661784124
BFS,400,0.3871199965942651,0.3463999892119318,0.08618641740267301
BFS,700,0.7997400010935962,0.7839000027161092,0.055968498322114354
BFS,1000,9.205480001401156,0.9908999782055616,18.287117470486823
DFS,100,0.07863999926485121,0.072900002123788,0.026681971730563785
DFS,400,0.42817999492399395,0.4072000156156719,0.06038022447698
DFS,700,0.9796200029086322,0.9396999957971275,0.12945411738478588
DFS,1000,1.2301999959163368,1.2650999997276813,0.21944736201281
