algo,n,time_ms_mean,time_ms_median,time_ms_sd
BFS,100,0.06430002395063639,0.06030005170032382,0.010934790664404701
BFS,400,0.28404000913724303,0.25589996948838234,0.09123296280637341
BFS,700,0.7259000092744827,0.46420004218816757,0.6150624993479785
BFS,1000,0.8721000165678561,0.7181999972090125,0.33532529621436763
DFS,100,0.06222000811249018,0.05420000525191426,0.015878842750695066
DFS,400,0.2730599953792989,0.22980000358074903,0.06237966992953327
DFS,700,0.6457600044086576,0.5741000059060752,0.17544244195525313
DFS,1000,1.0445800027810037,0.8350000134669244,0.469989891539467
