algo,n,time_ms_mean,time_ms_median,time_ms_sd
BFS,100,0.14186000917106867,0.09950000094249845,0.08297711342708311
BFS,400,0.5970199825242162,0.5952999927103519,0.23893545568092128
BFS,700,1.1572400107979774,1.3500999775715172,0.3744245126311225
BFS,1000,1.738299976568669,1.3423999771475792,0.93891059666684
DFS,100,0.12007999466732144,0.10429997928440571,0.03106536258609951
DFS,400,0.6988000124692917,0.7116000051610172,0.2223431390031631
DFS,700,2.875899989157915,2.3692999966442585,1.329139799947671
DFS,1000,2.978060021996498,2.9984000138938427,0.43095310744102233
