algo,n,time_ms_mean,time_ms_sd,gap_mean
BFS,100,0.09919999865815043,0.05069698627626079,1.0
BFS,400,0.456940004369244,0.14499347951657937,1.0
BFS,700,1.0385199973825365,0.4389884736353408,1.0
BFS,1000,1.586499996483326,0.6732484157910442,1.0
DFS,100,0.16628000303171575,0.043133718734231684,1.0
DFS,400,0.6079800077714026,0.3181003853499843,1.0
DFS,700,1.4550000021699816,0.26963045940793867,1.0
DFS,1000,2.3536000051535666,0.8352817446435009,1.0
