algo,n,time_ms_mean,time_ms_median,time_ms_sd
BFS,100,0.06609999982174486,0.060900001699337736,0.012408665096011483
BFS,400,0.3345599994645454,0.32439999995403923,0.03571292553061854
BFS,700,1.055880000058096,1.1411999985284638,0.39073933425849927
BFS,1000,2.9164199993829243,2.3761999982525595,1.802519290109259
DFS,100,0.09471999874222092,0.07289999848580919,0.0516913620829774
DFS,400,0.4746799990243744,0.47899999844958074,0.0627449365181844
DFS,700,1.8943600000056904,2.0113999999011867,0.6388556390580193
DFS,1000,3.0220399996323977,2.98079999993206,0.7124019953654412
