algo,n,time_ms_mean,time_ms_median,time_ms_sd
BFS,100,0.10844001080840826,0.1045000390149653,0.033940006964688574
BFS,400,0.6386799970641732,0.5451000179164112,0.20883727753657452
BFS,700,1.8482000101357698,1.9121000077575445,0.3567935283138788
BFS,1000,3.4020000020973384,3.2189000048674643,1.2324978776922462
DFS,100,0.10078001068904996,0.09750004392117262,0.010979848993077555
DFS,400,0.602000008802861,0.5610000225715339,0.1593545951174672
DFS,700,2.332499995827675,2.450199972372502,0.7078999164522246
DFS,1000,3.2407800084911287,3.0470999772660434,1.2631838879051798
