algo,n,time_ms_mean,time_ms_median,time_ms_sd
BFS,100,0.06802000280003995,0.05319999763742089,0.030221634964478123
BFS,400,0.32119999814312905,0.3080000024056062,0.0402874076785241
BFS,700,0.644500000635162,0.6021000008331612,0.1323134015300118
BFS,1000,9.982199998921715,0.9682999952929094,20.230257949793884
DFS,100,0.07218000246211886,0.052100003813393414,0.032457697782869006
DFS,400,0.3849800006719306,0.3479000006336719,0.07071840276659504
DFS,700,0.8251799998106435,0.6930999952601269,0.25856822419471803
DFS,1000,1.3185399991925806,1.1052000045310706,0.37008089505976877
