algo,n,time_ms_mean,time_ms_median,time_ms_sd
BFS,100,0.09107999503612518,0.08829997386783361,0.0070197731394093296
BFS,400,0.39004001300781965,0.3853000234812498,0.03524170574333929
BFS,700,0.7668400066904724,0.762399984523654,0.03782279902890211
BFS,1000,1.1453400016762316,1.1276999721303582,0.06187137544327002
DFS,100,0.07446000818163157,0.07589999586343765,0.007300575369751808
DFS,400,0.4219799884594977,0.39930001366883516,0.08879419421491948
DFS,700,0.9206000017002225,0.8370000286959112,0.12651740613176657
DFS,1000,1.430759986396879,1.2975999852642417,0.23453616083455234
